[
  {
    "name": "Joe",
    "phone": 737475,
    "category": "sales",
    "id": "592c2e8686e5754f07a3e66a"
  },
  {
    "name": "Mike",
    "phone": 292992,
    "category": "sales",
    "id": "592c2e8686e5754f07a3e66b"
  },
  {
    "name": "Alice",
    "phone": 4523992,
    "category": "sales",
    "id": "592c2e8686e5754f07a3e66c"
  },
  {
    "name": "Lars",
    "phone": 35352992,
    "category": "support",
    "id": "592c2e8686e5754f07a3e66e"
  },
  {
    "name": "Chris",
    "phone": 3533323,
    "category": "sales",
    "id": "592c2e8686e5754f07a3e66f"
  },
  {
    "name": "Zak",
    "phone": 123292992,
    "category": "support",
    "id": "592c2e8686e5754f07a3e670"
  }
]